INSERT INTO arbitros (id, categoria, experiencia, nacionalidad, nombre) VALUES
(1, 'Internacional', 15, 'España', 'Carlos Velasco Carballo'),
(2, 'Internacional', 20, 'España', 'Mateu Lahoz'),
(3, 'Internacional', 12, 'España', 'Jesús Gil Manzano'),
(4, 'Internacional', 18, 'España', 'Antonio Miguel Mateu Lahoz'),
(5, 'Internacional', 10, 'España', 'Ricardo De Burgos Bengoetxea');

INSERT INTO clasificacion_equipos (id, goles_a_favor, goles_en_contra, partidos_empatados, partidos_ganados, partidos_jugados, partidos_perdidos, posicion, puntos, id_equipo) VALUES
(1, 80, 30, 4, 27, 38, 7, 1, 85, 1),
(2, 65, 40, 5, 23, 38, 10, 2, 74, 4),
(3, 60, 42, 7, 21, 38, 10, 3, 70, 5),
(4, 58, 45, 8, 20, 38, 10, 4, 68, 6),
(5, 55, 48, 8, 19, 38, 11, 5, 65, 7);

INSERT INTO competiciones (id, nombre, pais, temporada, tipo) VALUES
(1, 'La Liga', 'España', 2023, 'Primera División'),
(2, 'Premier League', 'Inglaterra', 2023, 'Primera División'),
(3, 'Bundesliga', 'Alemania', 2023, 'Primera División'),
(4, 'Serie A', 'Italia', 2023, 'Primera División'),
(5, 'Ligue 1', 'Francia', 2023, 'Primera División');

INSERT INTO estadios (id, capacidad, ciudad, direccion, nombre, equipo_id) VALUES
(1, 81044, 'Madrid', 'Av. de Concha Espina, 1, 28036 Madrid, España', 'Santiago Bernabéu', 1),
(2, 55000, 'Valencia', 'Av. de Suècia, s/n, 46010 València, Valencia, España', 'Mestalla', 4),
(3, 43725, 'Sevilla', 'Av. de Eduardo Dato, s/n, 41005 Sevilla, España', 'Ramón Sánchez-Pizjuán', 5),
(4, 60721, 'Sevilla', 'Av. de Heliópolis, s/n, 41012 Sevilla, España', 'Benito Villamarín', 6),
(5, 23950, 'Villarreal', 'Camino Miralcamp, 63, 12540 Vila-real, Castelló, España', 'Estadio de la Cerámica', 7),
(6, 39960, 'San Sebastián', 'Paseo de Anoeta, 1, 20014 Donostia, Gipuzkoa, España', 'Anoeta', 8),
(7, 53289, 'Bilbao', 'Rafael Moreno Pitxitxi Kalea, s/n, 48013 Bilbo, Bizkaia, España', 'San Mamés', 9),
(8, 26354, 'Valencia', 'Carrer de Sant Vicent de Paül, 44, 46019 València, España', 'Estadio Ciutat de València', 10),
(9, 29200, 'Vigo', 'Calle del Conde de Gondomar, 1, 36210 Vigo, Pontevedra, España', 'Abanca-Balaídos', 11),
(10, 17500, 'Getafe', 'Av. Teresa de Calcuta, 28903 Getafe, Madrid, España', 'Coliseum Alfonso Pérez', 12),
(11, 8150, 'Eibar', 'Calle de Ipurua Kalea, 2, 20600 Eibar, Gipuzkoa, España', 'Ipurua', 13),
(12, 7638, 'Huesca', 'Calle del Alcoraz, s/n, 22005 Huesca, España', 'El Alcoraz', 14),
(13, 22938, 'Pamplona', 'Calle Sadar, s/n, 31006 Pamplona, Navarra, España', 'El Sadar', 15),
(16, 23142, 'Palma de Mallorca', 'Camí dels Reis, s/n, 07011 Palma, Illes Balears, España', 'Son Moix', 18),
(17, 19500, 'Granada', 'Calle Pintor Manuel Maldonado, s/n, 18007 Granada, España', 'Nuevo Los Cármenes', 19),
(19, 55017, 'Manchester', 'Ashton New Rd, Manchester M11 3FF, UK', 'Etihad Stadium', 21),
(20, 74879, 'Manchester', 'Sir Matt Busby Way, Old Trafford, Manchester M16 0RA, UK', 'Old Trafford', 22),
(21, 53394, 'Liverpool', 'Anfield Rd, Anfield, Liverpool L4 0TH, UK', 'Anfield', 23),
(22, 41841, 'London', 'Fulham Rd, London SW6 1HS, UK', 'Stamford Bridge', 24),
(23, 60704, 'London', 'Hornsey Rd, London N7 7AJ, UK', 'Emirates Stadium', 25),
(24, 62850, 'London', '748 High Rd, London N17 0AP, UK', 'Tottenham Hotspur Stadium', 26),
(25, 32261, 'Leicester', 'Filbert Way, Leicester LE2 7FL, UK', 'King Power Stadium', 27),
(26, 66000, 'London', 'Queen Elizabeth Olympic Park, London E20 2ST, UK', 'London Stadium', 28),
(27, 39414, 'Liverpool', 'Goodison Rd, Liverpool L4 4EL, UK', 'Goodison Park', 29),
(28, 42682, 'Birmingham', 'Trinity Rd, Birmingham B6 6HE, UK', 'Villa Park', 30),
(29, 37892, 'Leeds', 'Elland Rd, Beeston, Leeds LS11 0ES, UK', 'Elland Road', 31),
(30, 32050, 'Wolverhampton', 'Waterloo Rd, Wolverhampton WV1 4QR, UK', 'Molineux Stadium', 32),
(32, 25486, 'London', 'Whitehorse Ln, London SE25 6PU, UK', 'Selhurst Park', 34),
(33, 32384, 'Southampton', 'Britannia Rd, Southampton SO14 5FP, UK', 'St Marys Stadium', 35),
(34, 30750, 'Brighton', 'Village Way, Brighton BN1 9BL, UK', 'Falmer Stadium', 36),
(35, 21401, 'Burnley', 'Harry Potts Way, Burnley BB10 4BX, UK', 'Turf Moor', 37),
(36, 25700, 'London', 'Stevenage Rd, London SW6 6HH, UK', 'Craven Cottage', 38),
(37, 26688, 'West Bromwich', 'Halfords Ln, West Bromwich B71 4LF, UK', 'The Hawthorns', 39),
(38, 27244, 'Norwich', 'Carrow Rd, Norwich NR1 1JE, UK', 'Carrow Road', 40),
(39, 47929, 'Paris', '24 Rue du Commandant Guilbaud, 75016 Paris, France', 'Parc des Princes', 41),
(40, 67394, 'Marseille', '3 Boulevard Michelet, 13008 Marseille, France', 'Stade Vélodrome', 42),
(41, 59186, 'Lyon', '10 Avenue Simone Veil, 69150 Décines-Charpieu, France', 'Parc Olympique Lyonnais', 43),
(42, 18523, 'Monaco', '7 Avenue des Castelans, 98000 Monaco', 'Stade Louis II', 44),
(43, 50186, 'Villeneuve-dAscq', '261 Boulevard de Tournai, 59650 Villeneuve-dAscq, France', 'Stade Pierre-Mauroy', 45),
(44, 29778, 'Rennes', '111 Route de Lorient, 35000 Rennes, France', 'Roazhon Park', 46),
(45, 36178, 'Nice', 'Boulevard des Jardiniers, 06200 Nice, France', 'Allianz Riviera', 47),
(46, 38223, 'Lens', 'Rue Maurice Carton, 62300 Lens, France', 'Stade Bollaert-Delelis', 48),
(47, 22000, 'Montpellier', 'Avenue Heidelberg, 34080 Montpellier, France', 'Stade de la Mosson', 49),
(48, 21029, 'Reims', '33 Chaussée Bocquaine, 51100 Reims, France', 'Stade Auguste-Delaune', 50),
(49, 29230, 'Strasbourg', '12 Rue de l''Extenwoerth, 67100 Strasbourg, France', 'Stade de la Meinau', 51),
(50, 18385, 'Lorient', 'Rue Jean Le Coutaller, 56100 Lorient, France', 'Stade du Moustoir', 52),
(51, 17835, 'Angers', 'Rue du Colombier, 49000 Angers, France', 'Stade Raymond-Kopa', 53),
(52, 75000, 'Múnich', 'Werner-Heisenberg-Allee 25, 80939 München, Germany', 'Allianz Arena', 54),
(53, 81359, 'Dortmund', 'Strobelallee 50, 44139 Dortmund, Germany', 'Signal Iduna Park', 55),
(54, 42959, 'Leipzig', 'Am Sportforum 2, 04105 Leipzig, Germany', 'Red Bull Arena', 56),
(55, 30210, 'Leverkusen', 'Bismarckstraße 122-124, 51373 Leverkusen, Germany', 'BayArena', 57),
(56, 30000, 'Wolfsburg', 'In den Allerwiesen 1, 38446 Wolfsburg, Germany', 'Volkswagen Arena', 58),
(57, 51500, 'Frankfurt', 'Mörfelder Landstraße 362, 60528 Frankfurt am Main, Germany', 'Deutsche Bank Park', 59),
(58, 54557, 'Mönchengladbach', 'Hennes-Weisweiler-Allee 1, 41179 Mönchengladbach, Germany', 'Borussia-Park', 60),
(59, 22000, 'Berlín', 'An der Wuhlheide 263, 12555 Berlin, Germany', 'Stadion An der Alten Försterei', 61),
(60, 60400, 'Stuttgart', 'Mercedesstraße 87, 70372 Stuttgart, Germany', 'Mercedes-Benz Arena', 62),
(61, 24000, 'Freiburg', 'Millerntorstraße 1, 79104 Freiburg, Germany', 'Schwarzwald-Stadion', 63),
(62, 30000, 'Sinsheim', 'Dietmar-Hopp-Straße 1, 74889 Sinsheim, Germany', 'PreZero Arena', 64),
(63, 74500, 'Berlín', 'Olympischer Platz 3, 14053 Berlin, Germany', 'Olympiastadion Berlin', 65),
(64, 50000, 'Colonia', 'Aachener Str. 999, 50933 Köln, Germany', 'RheinEnergieStadion', 66),
(65, 30000, 'Augsburgo', 'Rennbahnstraße 1, 86153 Augsburg, Germany', 'WWK Arena', 67),
(66, 27000, 'Bielefeld', 'Sparrenburgstraße 100, 33647 Bielefeld, Germany', 'SchücoArena', 68),
(67, 34000, 'Mainz', 'Ludwig-Landmann-Straße 21, 55116 Mainz, Germany', 'Opel Arena', 69),
(68, 25000, 'Braunschweig', 'Hamburger Straße 200, 38114 Braunschweig, Germany', 'Eintracht-Stadion', 70),
(69, 41507, 'Turín', 'Corso Gaetano Scirea, 50, 10151 Torino, Italy', 'Allianz Stadium', 71),
(70, 80018, 'Milán', 'Piazzale Angelo Moratti, 20151 Milano, Italy', 'San Siro', 72),
(71, 80018, 'Milán', 'Piazzale Angelo Moratti, 20151 Milano, Italy', 'San Siro', 73),
(72, 70032, 'Roma', 'Piazzale Foro Italico, 00135 Roma, Italy', 'Stadio Olimpico', 74),
(73, 54787, 'Nápoles', 'Viale Giochi del Mediterraneo, 80125 Napoli, Italy', 'Stadio Diego Armando Maradona', 75),
(74, 24500, 'Bérgamo', 'Via Achille e Cesare Castelli, 24125 Bergamo, Italy', 'Gewiss Stadium', 76),
(75, 70032, 'Roma', 'Piazzale Foro Italico, 00135 Roma, Italy', 'Stadio Olimpico', 77),
(76, 21606, 'Reggio Emilia', 'Via Agosti, 3, 42124 Reggio nellEmilia, Italy', 'Mapei Stadium - Città del Tricolore', 78),
(77, 43704, 'Florencia', 'Piazza A. Franchi, 50144 Firenze, Italy', 'Stadio Artemio Franchi', 79),
(78, 36054, 'Génova', 'Via del Piano, 1, 16145 Genova, Italy', 'Stadio Luigi Ferraris', 80),
(79, 39400, 'Verona', 'Viale del Gallo, 6, 37138 Verona, Italy', 'Stadio Marcantonio Bentegodi', 81),
(80, 38412, 'Bolonia', 'Via Andrea Costa, 174, 40134 Bologna, Italy', 'Stadio Renato DallAra', 82),
(81, 25400, 'Udine', 'Via Paolo Mantovani, 33100 Udine, Italy', 'Dacia Arena', 83),
(82, 10860, 'La Spezia', 'Via Gaetano Poggi, 1, 19122 La Spezia, Italy', 'Stadio Alberto Picco', 84),
(83, 28129, 'Turín', 'Corso Sebastopoli, 123, 10151 Torino, Italy', 'Stadio Olimpico Grande Torino', 85),
(84, 37000, 'Salerno', 'Via Allende, 84131 Salerno, Italy', 'Stadio Arechi', 86),
(85, 16600, 'Empoli', 'Via della Rimembranza, 1, 50053 Empoli, Italy', 'Stadio Carlo Castellani', 87),
(86, 11844, 'Venecia', 'Fondamenta Santa Marina, 30122 Venezia, Italy', 'Stadio Pierluigi Penzo', 88),
(87, 16666, 'Cagliari', 'Viale del Poetto, 09126 Cagliari, Italy', 'Sardegna Arena', 89),
(88, 36054, 'Génova', 'Via del Piano, 1, 16145 Genova, Italy', 'Stadio Luigi Ferraris', 90);

INSERT INTO partidos (id, fecha_hora, goles_local, goles_visitante, arbitro_principal_id, competicion_id, equipo_local_id, equipo_visitante_id, estadio_id) VALUES
(10, '2025-10-14 11:23:00', 4, 1, 2, 2, 22, 23, 20),
(12, '2025-10-01 11:24:00', 2, 3, 5, 1, 1, 5, 1),
(15, '2025-09-17 11:31:00', 3, 0, 3, 2, 24, 25, 23);

INSERT INTO usuarios (id, contrasena, correo_electronico, nombre, rol) VALUES
(1, '$2a$10$WfWmvcIzisCTZX7/xZP8nudDLFofg80mt4/eO4hwUAsVyIWENvJTa', 'admin@1234', 'admin123', 'ADMIN'),
(2, '$2a$10$FrHSwR38eSt40h4G0ohryeaRh9sEi4pdXZEYVkU8XGY5dIzbHSYH6', 'david@123', 'David_123', 'admin');


INSERT INTO equipos (id, entrenador, estadio, fundacion_year, liga, nombre, competicion_id) VALUES
(1, 'Carlo Ancelotti', 'Santiago Bernabéu', 1903, 'La Liga', 'Real Madrid', 1),
(4, 'Javi Gracia', 'Mestalla', 1919, 'La Liga', 'Valencia CF', 1),
(5, 'Julen Lopetegui', 'Ramón Sánchez-Pizjuán', 1890, 'La Liga', 'Sevilla FC', 1),
(6, 'Manuel Pellegrini', 'Benito Villamarín', 1907, 'La Liga', 'Real Betis', 1),
(7, 'Unai Emery', 'Estadio de la Cerámica', 1923, 'La Liga', 'Villarreal CF', 1),
(8, 'Imanol Alguacil', 'Anoeta', 1909, 'La Liga', 'Real Sociedad', 1),
(9, 'Marcelino García Toral', 'San Mamés', 1898, 'La Liga', 'Athletic Club', 1),
(10, 'Paco López', 'Estadio Ciutat de València', 1909, 'La Liga', 'Levante UD', 1),
(11, 'Eduardo Coudet', 'Abanca-Balaídos', 1923, 'La Liga', 'RC Celta', 1),
(12, 'Míchel', 'Coliseum Alfonso Pérez', 1983, 'La Liga', 'Getafe CF', 1),
(13, 'Gaizka Garitano', 'Ipurua', 1940, 'La Liga', 'SD Eibar', 1),
(14, 'Pacheta', 'El Alcoraz', 1960, 'La Liga', 'SD Huesca', 1),
(15, 'Jagoba Arrasate', 'El Sadar', 1920, 'La Liga', 'CA Osasuna', 1),
(18, 'Luis García Plaza', 'Son Moix', 1916, 'La Liga', 'RCD Mallorca', 1),
(19, 'Robert Moreno', 'Nuevo Los Cármenes', 1931, 'La Liga', 'Granada CF', 1),
(21, 'Pep Guardiola', 'Etihad Stadium', 1880, 'Premier League', 'Manchester City', 2),
(22, 'Ole Gunnar Solskjaer', 'Old Trafford', 1878, 'Premier League', 'Manchester United', 2),
(23, 'Jurgen Klopp', 'Anfield', 1894, 'Premier League', 'Liverpool FC', 2),
(24, 'Thomas Tuchel', 'Stamford Bridge', 1905, 'Premier League', 'Chelsea FC', 2),
(25, 'Mikel Arteta', 'Emirates Stadium', 1886, 'Premier League', 'Arsenal FC', 2),
(26, 'Nuno Espírito Santo', 'Tottenham Hotspur Stadium', 1887, 'Premier League', 'Tottenham Hotspur', 2),
(27, 'Brendan Rodgers', 'King Power Stadium', 1884, 'Premier League', 'Leicester City', 2),
(28, 'David Moyes', 'London Stadium', 1895, 'Premier League', 'West Ham United', 2),
(29, 'Rafael Benítez', 'Goodison Park', 1878, 'Premier League', 'Everton FC', 2),
(30, 'Steven Gerrard', 'Villa Park', 1874, 'Premier League', 'Aston Villa', 2),
(31, 'Marcelo Bielsa', 'Elland Road', 1919, 'Premier League', 'Leeds United', 2),
(32, 'Bruno Lage', 'Molineux Stadium', 1877, 'Premier League', 'Wolverhampton Wanderers', 2),
(34, 'Patrick Vieira', 'Selhurst Park', 1905, 'Premier League', 'Crystal Palace', 2),
(35, 'Ralph Hasenhüttl', 'St Marys Stadium', 1885, 'Premier League', 'Southampton FC', 2),
(36, 'Graham Potter', 'Falmer Stadium', 1901, 'Premier League', 'Brighton & Hove Albion', 2),
(37, 'Sean Dyche', 'Turf Moor', 1882, 'Premier League', 'Burnley FC', 2),
(38, 'Marco Silva', 'Craven Cottage', 1879, 'Premier League', 'Fulham FC', 2),
(39, 'Valérien Ismaël', 'The Hawthorns', 1878, 'Premier League', 'West Bromwich Albion', 2),
(40, 'Dean Smith', 'Carrow Road', 1902, 'Premier League', 'Norwich City', 2),
(41, 'Mauricio Pochettino', 'Parc des Princes', 1970, 'Ligue 1', 'Paris Saint-Germain', 5),
(42, 'Jorge Sampaoli', 'Stade Vélodrome', 1899, 'Ligue 1', 'Olympique de Marseille', 5),
(43, 'Peter Bosz', 'Parc Olympique Lyonnais', 1950, 'Ligue 1', 'Olympique Lyonnais', 5),
(44, 'Niko Kovač', 'Stade Louis II', 1924, 'Ligue 1', 'AS Monaco', 5),
(45, 'Jocelyn Gourvennec', 'Stade Pierre-Mauroy', 1944, 'Ligue 1', 'Lille OSC', 5),
(46, 'Bruno Génésio', 'Roazhon Park', 1901, 'Ligue 1', 'Stade Rennais FC', 5),
(47, 'Christophe Galtier', 'Allianz Riviera', 1904, 'Ligue 1', 'OGC Nice', 5),
(48, 'Franck Haise', 'Stade Bollaert-Delelis', 1906, 'Ligue 1', 'RC Lens', 5),
(49, 'Olivier DallOglio', 'Stade de la Mosson', 1919, 'Ligue 1', 'Montpellier HSC', 5),
(50, 'Oscar Garcia', 'Stade Auguste-Delaune', 1910, 'Ligue 1', 'Stade de Reims', 5),
(51, 'Julien Stéphan', 'Stade de la Meinau', 1906, 'Ligue 1', 'Strasbourg', 5),
(52, 'Christophe Pelissier', 'Stade du Moustoir', 1926, 'Ligue 1', 'FC Lorient', 5),
(53, 'Gerald Baticle', 'Stade Raymond-Kopa', 1919, 'Ligue 1', 'Angers SCO', 5),
(54, 'Julian Nagelsmann', 'Allianz Arena', 1900, 'Bundesliga', 'Bayern de Múnich', 3),
(55, 'Marco Rose', 'Signal Iduna Park', 1909, 'Bundesliga', 'Borussia Dortmund', 3),
(56, 'Jesse Marsch', 'Red Bull Arena', 2009, 'Bundesliga', 'RB Leipzig', 3),
(57, 'Gerardo Seoane', 'BayArena', 1904, 'Bundesliga', 'Bayer 04 Leverkusen', 3),
(58, 'Mark van Bommel', 'Volkswagen Arena', 1945, 'Bundesliga', 'VfL Wolfsburg', 3),
(59, 'Oliver Glasner', 'Deutsche Bank Park', 1899, 'Bundesliga', 'Eintracht Frankfurt', 3),
(60, 'Adi Hütter', 'Borussia-Park', 1900, 'Bundesliga', 'Borussia Mönchengladbach', 3),
(61, 'Urs Fischer', 'Stadion An der Alten Försterei', 1966, 'Bundesliga', '1. FC Union Berlin', 3),
(62, 'Pellegrino Matarazzo', 'Mercedes-Benz Arena', 1893, 'Bundesliga', 'VfB Stuttgart', 3),
(63, 'Christian Streich', 'Schwarzwald-Stadion', 1904, 'Bundesliga', 'SC Freiburg', 3),
(64, 'Sebastian Hoeneß', 'PreZero Arena', 1899, 'Bundesliga', 'TSG 1899 Hoffenheim', 3),
(65, 'Pál Dárdai', 'Olympiastadion Berlin', 1892, 'Bundesliga', 'Hertha BSC', 3),
(66, 'Steffen Baumgart', 'RheinEnergieStadion', 1948, 'Bundesliga', '1. FC Köln', 3),
(67, 'Markus Weinzierl', 'WWK Arena', 1907, 'Bundesliga', 'FC Augsburg', 3),
(68, 'Frank Kramer', 'SchücoArena', 1905, 'Bundesliga', 'Arminia Bielefeld', 3),
(69, 'Bo Svensson', 'Opel Arena', 1905, 'Bundesliga', '1. FSV Mainz 05', 3),
(70, 'Torsten Lieberknecht', 'Eintracht-Stadion', 1895, 'Bundesliga', 'Eintracht Braunschweig', 3),
(71, 'Massimiliano Allegri', 'Allianz Stadium', 1897, 'Serie A', 'Juventus FC', 4),
(72, 'Stefano Pioli', 'San Siro', 1899, 'Serie A', 'AC Milan', 4),
(73, 'Simone Inzaghi', 'San Siro', 1908, 'Serie A', 'Inter Milan', 4),
(74, 'José Mourinho', 'Stadio Olimpico', 1927, 'Serie A', 'AS Roma', 4),
(75, 'Luciano Spalletti', 'Stadio Diego Armando Maradona', 1926, 'Serie A', 'SSC Napoli', 4),
(76, 'Gian Piero Gasperini', 'Gewiss Stadium', 1907, 'Serie A', 'Atalanta BC', 4),
(77, 'Maurizio Sarri', 'Stadio Olimpico', 1900, 'Serie A', 'SS Lazio', 4),
(78, 'Roberto De Zerbi', 'Mapei Stadium - Città del Tricolore', 1920, 'Serie A', 'Sassuolo', 4),
(79, 'Vincenzo Italiano', 'Stadio Artemio Franchi', 1926, 'Serie A', 'ACF Fiorentina', 4),
(80, 'Roberto DAversa', 'Stadio Luigi Ferraris', 1946, 'Serie A', 'UC Sampdoria', 4),
(81, 'Ivan Jurić', 'Stadio Marcantonio Bentegodi', 1903, 'Serie A', 'Hellas Verona', 4),
(82, 'Siniša Mihajlović', 'Stadio Renato Dall Ara', 1909, 'Serie A', 'Bologna FC', 4),
(83, 'Luca Gotti', 'Dacia Arena', 1896, 'Serie A', 'Udinese Calcio', 4),
(84, 'Vincenzo Italiano', 'Stadio Alberto Picco', 1906, 'Serie A', 'Spezia Calcio', 4),
(85, 'Ivan Jurić', 'Stadio Olimpico Grande Torino', 1906, 'Serie A', 'Torino FC', 4),
(86, 'Roberto De Zerbi', 'Stadio Arechi', 1919, 'Serie A', 'US Salernitana 1919', 4),
(87, 'Aurelio Andreazzoli', 'Stadio Carlo Castellani', 1920, 'Serie A', 'Empoli FC', 4),
(88, 'Paolo Zanetti', 'Stadio Pierluigi Penzo', 1907, 'Serie A', 'Venezia FC', 4),
(89, 'Leonardo Semplici', 'Sardegna Arena', 1920, 'Serie A', 'Cagliari Calcio', 4),
(90, 'Andrea Ballardini', 'Stadio Luigi Ferraris', 1893, 'Serie A', 'Genoa CFC', 4);







